{"173-53": [[7637, 7636, 7635, 7634, 7633, 7890, 8150, 8412, 8411, 8673, 8938, 9205, 9473, 9745, 10017, 10016, 10290, 10565, 10564, 10563, 10562, 10561, 10838, 10837, 11112, 11380, 11643, 11902, 12161, 12419, 12675, 12921, 12920, 13158, 13394, 13628, 13859, 14091, 14320, 14547, 14546, 14545, 14767, 14983, 14982, 15188, 15387, 15585, 15778, 15968, 16157, 16345, 16536, 16721, 16896, 17068, 17067, 17238, 17406, 17570, 17730, 17889, 18049, 18208, 18364], 44967.890952919624], "173-24": [[7637, 7636, 7635, 7634, 7633, 7890, 8150, 8412, 8411, 8673, 8938, 9205, 9473, 9745, 10017, 10016, 10290, 10565, 10564, 10563, 10562, 10561, 10838, 10837, 11112, 11380, 11643, 11902, 12161, 12419, 12675, 12921, 12920, 13158, 13394, 13628, 13859, 14091, 14320, 14547, 14546, 14545, 14767, 14983, 14982, 15188, 15387, 15585, 15778, 15968, 16157, 16345, 16536, 16537, 16722, 16897, 17069, 17240, 17408, 17572, 17573, 17574, 17575, 17576, 17577, 17578, 17579, 17739, 17740, 17741, 17900, 18060, 18219, 18375, 18527, 18676, 18677, 18678, 18825, 18968, 19108, 19245, 19381, 19382, 19383, 19384, 19385, 19386, 19387, 19388, 19389, 19390, 19391, 19392, 19393, 19394, 19395, 19396, 19260, 19261], 60509.447078570985], "173-215": [[7637, 7636, 7635, 7634, 7633, 7890, 8150, 8412, 8411, 8673, 8938, 9205, 9473, 9745, 10017, 10016, 10290, 10565, 10564, 10563, 10562, 10561, 10838, 10837, 11112, 11380, 11643, 11902, 12161, 12419, 12675, 12921, 12920, 13158, 13394, 13628, 13859, 14091, 14320, 14547, 14546, 14545, 14767, 14983, 14982, 14981, 15187, 15186, 15185, 15384, 15582, 15775, 15965, 15964, 15963, 16152, 16151, 16150, 16338, 16529, 16528, 16527, 16712, 16711, 16886, 16885, 16884, 16883, 16882, 16881, 16880, 16879, 16878, 16877, 16876, 16875, 16874, 16873, 16872, 16871, 16870, 16869, 16868, 16867, 16866, 16865, 16864, 16689, 16505, 16504, 16316, 16315, 16314, 16313, 16126, 15936, 15935, 15934, 15933, 15932, 15739, 15738, 15544], 61712.37977635106], "173-59": [[7637, 7636, 7635, 7634, 7633, 7890, 8150, 8412, 8411, 8673, 8938, 9205, 9473, 9745, 10017, 10016, 10290, 10565, 10564, 10563, 10562, 10561, 10838, 10837, 11112, 11380, 11643, 11902, 12161, 12419, 12675, 12921, 12920, 13158, 13394, 13628, 13859, 14091, 14320, 14547, 14546, 14545, 14767, 14983, 14982, 15188, 15387, 15585, 15778, 15968, 16157, 16345, 16536, 16721, 16896, 17068, 17067, 17238, 17406, 17405, 17404, 17568, 17567, 17566, 17565, 17564], 59171.940952919635], "53-173": [[18364, 18208, 18049, 17889, 17730, 17570, 17406, 17238, 17067, 17068, 16896, 16721, 16536, 16345, 16157, 15968, 15778, 15585, 15387, 15188, 14982, 14983, 14767, 14545, 14546, 14547, 14320, 14091, 13859, 13628, 13394, 13158, 12920, 12921, 12675, 12419, 12161, 11902, 11643, 11380, 11112, 10837, 10838, 10561, 10562, 10563, 10564, 10565, 10290, 10016, 10017, 9745, 9473, 9205, 8938, 8673, 8411, 8412, 8150, 7890, 7633, 7634, 7635, 7636, 7637], 44967.89095291963], "53-24": [[18364, 18516, 18517, 18518, 18519, 18520, 18669, 18670, 18671, 18672, 18673, 18674, 18675, 18676, 18677, 18678, 18825, 18968, 19108, 19245, 19381, 19382, 19383, 19384, 19385, 19386, 19387, 19388, 19389, 19390, 19391, 19392, 19393, 19394, 19395, 19396, 19260, 19261], 20531.1068471521], "53-215": [[18364, 18363, 18362, 18361, 18205, 18046, 17886, 17885, 17884, 17883, 17724, 17564, 17400, 17232, 17061, 17060, 17059, 16887, 16886, 16885, 16884, 16883, 16882, 16881, 16880, 16879, 16878, 16877, 16876, 16875, 16874, 16873, 16872, 16871, 16870, 16869, 16868, 16867, 16866, 16865, 16864, 16689, 16505, 16504, 16316, 16315, 16314, 16313, 16126, 15936, 15935, 15934, 15933, 15932, 15739, 15738, 15544], 73212.39305057691], "53-59": [[18364, 18363, 18362, 18361, 18205, 18046, 17886, 17885, 17884, 17725, 17565, 17564], 40064.5], "24-173": [[19261, 19260, 19396, 19395, 19394, 19393, 19392, 19391, 19390, 19389, 19388, 19387, 19386, 19385, 19384, 19383, 19382, 19381, 19245, 19108, 18968, 18825, 18678, 18677, 18676, 18527, 18375, 18219, 18060, 17900, 17741, 17740, 17739, 17579, 17578, 17577, 17576, 17575, 17574, 17573, 17572, 17408, 17240, 17069, 16897, 16722, 16537, 16536, 16345, 16157, 15968, 15778, 15585, 15387, 15188, 14982, 14983, 14767, 14545, 14546, 14547, 14320, 14091, 13859, 13628, 13394, 13158, 12920, 12921, 12675, 12419, 12161, 11902, 11643, 11380, 11112, 10837, 10838, 10561, 10562, 10563, 10564, 10565, 10290, 10016, 10017, 9745, 9473, 9205, 8938, 8673, 8411, 8412, 8150, 7890, 7633, 7634, 7635, 7636, 7637], 60509.447078570985], "24-53": [[19261, 19260, 19396, 19395, 19394, 19393, 19392, 19391, 19390, 19389, 19388, 19387, 19386, 19385, 19384, 19383, 19382, 19381, 19245, 19108, 18968, 18825, 18678, 18677, 18676, 18675, 18674, 18673, 18672, 18671, 18670, 18669, 18520, 18519, 18518, 18517, 18516, 18364], 20531.106847152096], "24-215": [[19261, 19260, 19396, 19395, 19394, 19393, 19392, 19391, 19390, 19389, 19388, 19387, 19386, 19385, 19384, 19383, 19382, 19381, 19245, 19108, 18968, 18825, 18678, 18677, 18676, 18675, 18674, 18673, 18672, 18671, 18670, 18669, 18520, 18519, 18518, 18517, 18516, 18364, 18363, 18362, 18361, 18205, 18046, 17886, 17885, 17884, 17725, 17565, 17564, 17400, 17232, 17061, 17060, 17059, 16887, 16886, 16885, 16884, 16883, 16882, 16881, 16880, 16879, 16878, 16877, 16876, 16875, 16874, 16873, 16872, 16871, 16870, 16869, 16868, 16867, 16866, 16865, 16864, 16689, 16505, 16504, 16316, 16315, 16314, 16313, 16126, 15936, 15935, 15934, 15933, 15932, 15739, 15738, 15544], 93743.49989772898], "24-59": [[19261, 19260, 19396, 19395, 19394, 19393, 19392, 19391, 19390, 19389, 19388, 19387, 19386, 19385, 19384, 19383, 19382, 19381, 19245, 19108, 18968, 18825, 18678, 18677, 18676, 18675, 18674, 18673, 18672, 18671, 18670, 18669, 18520, 18519, 18518, 18517, 18516, 18364, 18363, 18362, 18361, 18205, 18046, 17886, 17885, 17884, 17725, 17565, 17564], 60595.60684715209], "215-173": [[15544, 15738, 15739, 15932, 15933, 15934, 15935, 15936, 16126, 16313, 16314, 16315, 16316, 16504, 16505, 16689, 16864, 16865, 16866, 16867, 16868, 16869, 16870, 16871, 16872, 16873, 16874, 16875, 16876, 16877, 16878, 16879, 16880, 16881, 16882, 16883, 16884, 16885, 16886, 16711, 16712, 16527, 16528, 16529, 16338, 16150, 16151, 16152, 15963, 15964, 15965, 15775, 15582, 15384, 15185, 15186, 15187, 14981, 14982, 14983, 14767, 14545, 14546, 14547, 14320, 14091, 13859, 13628, 13394, 13158, 12920, 12921, 12675, 12419, 12161, 11902, 11643, 11380, 11112, 10837, 10838, 10561, 10562, 10563, 10564, 10565, 10290, 10016, 10017, 9745, 9473, 9205, 8938, 8673, 8411, 8412, 8150, 7890, 7633, 7634, 7635, 7636, 7637], 61712.3797763511], "215-53": [[15544, 15738, 15739, 15932, 15933, 15934, 15935, 15936, 16126, 16313, 16314, 16315, 16316, 16504, 16505, 16689, 16864, 16865, 16866, 16867, 16868, 16869, 16870, 16871, 16872, 16873, 16874, 16875, 16876, 16877, 16878, 16879, 16880, 16881, 16882, 16883, 16884, 16885, 16886, 16887, 17059, 17060, 17061, 17232, 17400, 17564, 17724, 17883, 17884, 17885, 17886, 18046, 18205, 18361, 18362, 18363, 18364], 73212.39305057688], "215-24": [[15544, 15738, 15739, 15932, 15933, 15934, 15935, 15936, 16126, 16313, 16314, 16315, 16316, 16504, 16505, 16689, 16864, 16865, 16866, 16867, 16868, 16869, 16870, 16871, 16872, 16873, 16874, 16875, 16876, 16877, 16878, 16879, 16880, 16881, 16882, 16883, 16884, 16885, 16886, 16887, 17059, 17060, 17061, 17232, 17400, 17564, 17565, 17725, 17884, 17885, 17886, 18046, 18205, 18361, 18362, 18363, 18364, 18516, 18517, 18518, 18519, 18520, 18669, 18670, 18671, 18672, 18673, 18674, 18675, 18676, 18677, 18678, 18825, 18968, 19108, 19245, 19381, 19382, 19383, 19384, 19385, 19386, 19387, 19388, 19389, 19390, 19391, 19392, 19393, 19394, 19395, 19396, 19260, 19261], 93743.49989772894],